Karen,Gislason,markus@gerlachherzog.com,(187) 051-3011 x73124,2017-04-06 13:12:13 -0500
Abe,Botsford,margarita@hoppe.net,(463) 443-8808 x547,2017-04-06 13:12:13 -0500
Jalyn,Klocko,gene@brekke.biz,(357) 566-8220,2017-04-06 13:12:13 -0500
Moanfeelz,Schimmel,kathlyn.lind@bogisich.com,853-131-6487,2017-04-06 13:12:13 -0500
Cody,Aufderhar,nigel.aufderhar@connellymann.name,604-145-6216 x616,2017-04-06 13:12:13 -0500
Donnie,Champlin,lela@lang.com,1-337-184-2698 x21078,2017-04-06 13:12:13 -0500
Daryl,Doyle,elian@conroy.net,(447) 944-9885,2017-04-06 13:12:13 -0500
Alejandra,Green,kenny.hilll@bergstromchristiansen.info,1-600-328-6531 x454,2017-04-06 13:12:13 -0500
Ola,Grant,jude@wunsch.info,283.850.4685 x016,2017-04-06 13:12:13 -0500
Geo,Schowalter,gail.wilderman@oreilly.info,1-179-839-9253 x80701,2017-04-06 13:12:13 -0500
Camylle,Price,noel_monahan@gusikowski.org,969.580.1925 x8725,2017-04-06 13:12:13 -0500
Amely,Predovic,lincoln@jacobsonohara.info,576.987.0333,2017-04-06 13:12:13 -0500
Lonny,Boyle,kacey@wunsch.com,1-142-596-7845,2017-04-06 13:12:13 -0500
Jo,Kris,marcos@schmeler.io,(866) 197-1187 x61167,2017-04-06 13:12:13 -0500
Monte,Corkery,ansel@rippinpfannerstill.name,515-416-2096,2017-04-06 13:12:13 -0500
Chauncey,O'Reilly,geo.deckow@ruel.info,(430) 863-5127,2017-04-06 13:12:13 -0500
Tracy,Ferry,kathryn@welch.info,519.970.5952,2017-04-06 13:12:13 -0500
Kailee,Will,deion@yundt.org,1-790-379-4020,2017-04-06 13:12:13 -0500
Orlo,Baumbach,khalil@pollichdicki.org,596.706.3235 x4102,2017-04-06 13:12:13 -0500
Darwin,Metz,kamren_lueilwitz@paucek.net,652.859.9509,2017-04-06 13:12:13 -0500
